Max Scherzer,WAS,35,33,33,2,1,220.2,150,62,300,51,23,18,7,0,0,0
Jacob deGrom,NYM,31,32,32,1,0,217,152,41,269,46,10,10,9,0,0,0
Corey Kluber,CLE,34,33,33,2,1,215,179,69,222,34,25,20,7,0,0,0
Justin Verlander,HOU,37,34,34,1,1,214,156,60,290,37,28,16,9,0,0,0
Aaron Nola,PHI,26,33,33,0,0,212.1,149,56,224,58,17,17,6,0,0,0
Zack Greinke,ARI,36,33,33,0,0,207.2,181,74,199,43,28,15,11,0,0,0
James Shields,CWS,38,34,33,0,0,204.2,190,103,154,78,34,7,16,0,0,0
Dallas Keuchel,HOU,32,34,34,1,0,204.2,211,85,153,58,18,12,11,0,0,0
Kyle Freeland,COL,27,33,33,0,0,202.1,182,64,173,70,17,17,7,0,0,0
Miles Mikolas,STL,31,32,32,1,1,200.2,186,63,146,29,16,18,4,0,0,0
Gerrit Cole,HOU,29,32,32,1,1,200.1,143,64,276,64,19,15,5,0,0,0
Patrick Corbin,ARI,30,33,33,1,1,200,162,70,246,48,15,11,7,0,0,0
Mike Clevinger,CLE,29,32,32,1,1,200,164,67,207,67,21,13,8,0,0,0
Kyle Hendricks,CHC,30,33,33,0,0,199,184,76,161,44,22,14,11,0,0,0
Kyle Gibson,MIN,32,32,32,0,0,196.2,177,79,179,79,23,10,13,0,0,0
German Marquez,COL,25,33,33,0,0,196,179,82,230,57,24,14,11,0,0,0
Jhoulys Chacin,MIL,32,35,35,0,0,192.2,153,75,156,71,18,15,8,0,0,0
Jose Berrios,MIN,26,32,32,2,1,192.1,159,82,202,61,25,12,11,0,0,0
Carlos Carrasco,CLE,33,32,30,2,0,192,173,72,231,43,21,17,10,0,0,0
Rick Porcello,BOS,31,33,33,1,0,191.1,177,91,190,48,27,17,7,0,0,0
Luis Severino,NYY,26,32,32,1,1,191.1,173,72,220,46,19,19,8,0,0,0
Jameson Taillon,PIT,28,32,32,2,1,191,179,68,179,46,20,14,10,0,0,0
Reynaldo Lopez,CWS,26,32,32,0,0,188.2,165,82,151,75,25,7,10,0,0,0
Mike Leake,SEA,32,31,31,0,0,185.2,207,90,119,34,23,10,10,0,0,0
Mike Foltynewicz,ATL,28,31,31,2,1,183,130,58,202,68,17,13,10,0,0,0
Zack Wheeler,NYM,30,29,29,0,0,182.1,150,67,179,55,14,12,7,0,0,0
Jon Lester,CHC,36,32,32,0,0,181.2,174,67,149,64,24,18,6,0,0,0
Blake Snell,TB,27,31,31,0,0,180.2,112,38,221,64,16,21,5,0,0,0
Tanner Roark,WAS,33,31,30,0,0,180.1,181,87,146,50,24,9,15,0,0,0
Andrew Heaney,LAA,28,30,30,1,1,180,171,83,180,45,27,9,10,0,0,0
Zack Godley,ARI,30,33,32,0,0,178.1,177,94,185,81,16,15,11,0,0,0
Jakob Junis,KC,27,30,30,1,0,177,182,86,164,43,32,9,12,0,0,0
Tyler Anderson,COL,30,32,32,0,0,176,165,89,164,59,30,7,9,0,0,0
David Price,BOS,34,30,30,1,0,176,151,70,177,50,25,16,7,0,0,0
Julio Teheran,ATL,29,31,31,0,0,175.2,122,77,162,84,26,9,9,0,0,0
Trevor Bauer,CLE,29,28,27,0,0,175.1,134,43,221,57,9,12,6,1,0,0
Jose Quintana,CHC,31,32,32,0,0,174.1,162,78,158,68,25,13,11,0,0,0
Jose Urena,MIA,28,31,31,1,0,174,155,77,130,51,19,9,12,0,0,0
Lucas Giolito,CWS,25,32,32,0,0,173.1,166,118,125,90,27,10,13,0,0,0
Jake Arrieta,PHI,34,31,31,0,0,172.2,165,76,138,57,21,10,11,0,0,0
Jon Gray,COL,28,31,31,0,0,172.1,180,98,183,52,27,12,9,0,0,0
Dylan Bundy,BAL,27,31,31,1,0,171.2,188,104,184,54,41,8,16,0,0,0
Derek Holland,SF,33,36,30,0,0,171.1,154,68,169,67,19,7,9,0,0,0
Trevor Williams,PIT,28,31,31,1,1,170.2,146,59,126,55,15,14,10,0,0,0
Matthew Boyd,DET,29,31,31,0,0,170.1,146,83,159,51,27,9,13,0,0,0
Luis Castillo,CIN,27,31,31,0,0,169.2,158,81,165,49,28,10,12,0,0,0
Charlie Morton,HOU,36,30,30,0,0,167,130,58,201,64,18,15,3,0,0,0
Marco Gonzales,SEA,28,29,29,1,0,166.2,172,74,145,32,17,13,9,0,0,0
Jake Odorizzi,MIN,30,32,32,0,0,164.1,151,82,162,70,20,7,10,0,0,0
Sean Newcomb,ATL,26,31,30,0,0,164,137,71,160,81,18,12,9,0,0,0
Nick Pivetta,PHI,27,33,32,0,0,164,163,87,188,51,24,7,14,0,0,0
Wade LeBlanc,SEA,35,32,27,0,0,162,151,67,130,40,24,9,5,0,0,0
Clayton Kershaw,LAD,32,26,26,0,0,161.1,139,49,155,29,17,9,5,0,0,0
Ivan Nova,PIT,33,29,29,0,0,161,171,75,114,35,26,9,9,0,0,0
Sean Manaea,OAK,28,27,27,1,1,160.2,141,64,108,32,21,12,9,0,0,0
Andrew Suarez,SF,27,29,29,0,0,160.1,163,80,130,45,23,7,13,0,0,0
James Paxton,SEA,31,28,28,2,1,160.1,134,67,208,42,23,11,6,0,0,0
Clayton Richard,SD,36,27,27,0,0,158.2,159,94,108,60,19,7,11,0,0,0
Chris Sale,BOS,31,27,27,0,0,158,102,37,237,34,11,12,4,0,0,0
Chase Anderson,MIL,32,30,30,0,0,158,131,69,128,57,30,9,8,0,0,0
Mike Minor,TEX,32,28,28,0,0,157,138,73,132,38,25,12,8,0,0,0
Masahiro Tanaka,NYY,31,27,27,1,1,156,141,65,159,35,25,12,6,0,0,0
Felix Hernandez,SEA,34,29,28,0,0,155.2,159,96,125,59,27,8,14,0,0,0
Danny Duffy,KC,31,28,28,0,0,155,161,84,141,70,23,8,12,0,0,0
Noah Syndergaard,NYM,27,25,25,2,1,154.1,148,52,155,39,9,13,4,0,0,0
Steven Matz,NYM,29,30,30,0,0,154,134,68,152,58,25,5,11,0,0,0
Andrew Cashner,BAL,33,28,28,0,0,153,177,90,99,65,25,4,15,0,0,0
CC Sabathia,NYY,39,29,29,0,0,153,150,62,140,51,19,9,7,0,0,0
Alex Cobb,BAL,32,28,28,1,0,152.1,172,83,102,43,24,5,15,0,0,0
Alex Wood,LAD,29,33,27,0,0,151.2,143,62,135,40,14,9,7,0,0,1
Jack Flaherty,STL,24,28,28,0,0,151,108,56,182,59,20,8,9,0,0,0
Ryan Yarbrough,TB,28,38,6,0,0,147.1,140,64,128,50,18,16,6,0,0,0
Vince Velasquez,PHI,27,31,30,0,0,146.2,138,79,161,59,16,9,12,0,0,0
Bartolo Colon,TEX,47,28,24,1,0,146.1,172,94,81,25,32,7,12,0,0,0
Gio Gonzalez,WAS,34,27,27,0,0,145.2,153,74,126,70,15,7,11,0,0,0
Sal Romano,CIN,26,39,25,0,0,145.2,155,86,105,53,23,8,11,0,0,2
Chris Stratton,SF,29,28,26,1,1,145,153,82,112,54,19,10,10,0,0,0
Marco Estrada,TOR,36,28,28,0,0,143.2,155,90,103,50,29,7,14,0,0,0
Junior Guerra,MIL,35,31,26,0,0,141,143,64,136,55,19,6,9,0,0,1
Brad Keller,KC,24,41,20,1,0,140.1,133,48,96,50,7,9,6,0,2,5
Walker Buehler,LAD,25,24,23,0,0,137.1,95,40,151,37,12,8,5,0,1,0
Anibal Sanchez,ATL,36,25,24,0,0,136.2,106,43,135,42,15,7,6,0,0,0
Luke Weaver,STL,26,30,25,0,0,136.1,150,75,121,54,19,7,11,0,0,0
Francisco Liriano,DET,36,27,26,0,0,133.2,127,68,110,73,19,5,12,0,0,0
Wei-Yin Chen,MIA,34,26,26,0,0,133.1,131,71,111,47,19,6,12,0,0,0
Rich Hill,LAD,40,25,24,0,0,132.2,108,54,150,41,20,11,5,0,0,0
Michael Fulmer,DET,27,24,24,0,0,132.1,128,69,110,46,19,3,12,0,0,0
Jordan Zimmermann,DET,34,25,25,0,0,131.1,140,66,111,26,28,7,8,0,0,0
Sonny Gray,NYY,30,30,23,0,0,130.1,138,71,123,57,14,11,9,0,0,0
Stephen Strasburg,WAS,31,22,22,0,0,130,118,54,156,38,18,10,7,0,0,0
Joey Lucchesi,SD,26,26,26,0,0,130,125,59,145,43,23,8,9,0,0,0
Madison Bumgarner,SF,30,21,21,0,0,129.2,118,47,109,43,14,6,7,0,0,0
Eduardo Rodriguez,BOS,27,27,23,0,0,129.2,119,55,146,45,16,13,5,0,0,0
Jaime Barria,LAA,23,26,26,0,0,129.1,117,49,98,47,17,10,9,0,0,0
Lance McCullers,HOU,26,25,22,0,0,128.1,100,55,142,50,12,10,6,0,0,1
Zach Eflin,PHI,26,24,24,0,0,128,130,62,123,37,16,11,8,0,0,0
Matt Harvey,CIN,31,24,24,0,0,128,132,64,111,28,21,7,7,0,0,0
Jason Hammel,KC,37,39,18,0,0,127,168,85,92,39,18,4,14,0,2,1
Trevor Richards,MIA,27,25,25,0,0,126.1,121,62,130,54,15,4,9,0,0,0
Tyler Skaggs,LAA,28,24,24,0,0,125.1,127,56,129,40,14,8,10,0,0,0
Kenta Maeda,LAD,32,39,20,0,0,125.1,115,53,153,43,13,8,10,2,0,5
Kevin Gausman,BAL,29,21,21,0,0,124,139,61,104,32,21,5,8,0,0,0
Mike Montgomery,CHC,30,38,19,0,0,124,131,55,86,39,10,5,6,0,0,0
Robbie Ray,ARI,28,24,24,0,0,123.2,97,54,165,70,19,6,2,0,0,0
Sam Gaviglio,TOR,30,26,24,0,0,123.2,140,73,105,38,21,3,10,0,0,0
Tyson Ross,SD,33,22,22,0,0,123.1,112,61,107,52,16,6,9,0,0,0
Dan Straily,MIA,31,23,23,0,0,122.1,107,56,99,52,20,5,6,0,0,0
Ross Stripling,LAD,30,33,21,0,0,122,123,41,136,22,18,8,6,0,0,3
Dylan Covey,CWS,28,27,21,0,0,121.2,129,70,91,52,13,5,14,0,0,0
Carlos Rodon,CWS,27,20,20,0,0,120.2,97,56,90,55,15,6,8,0,0,0
Chad Bettis,COL,31,27,20,0,0,120.1,121,67,80,47,18,5,2,0,0,1
Ian Kennedy,KC,35,22,22,0,0,119.2,125,62,105,40,20,3,9,0,0,0
Mike Fiers,DET,34,21,21,0,0,119,121,46,87,26,20,7,6,0,0,0
Ty Blach,SF,29,47,13,0,0,118.2,133,56,75,41,8,6,7,0,0,3
Carlos Martinez,STL,28,33,18,0,0,118.2,100,41,117,60,5,8,6,5,0,4
Dereck Rodriguez,SF,27,21,19,0,0,118.1,98,37,89,36,9,6,4,0,0,0
Daniel Mengden,OAK,27,22,17,1,1,115.2,103,52,72,26,18,7,6,0,0,0
Joe Musgrove,PIT,27,19,19,0,0,115.1,113,52,100,23,12,6,9,0,0,0
Anthony DeSclafani,CIN,30,21,21,0,0,115,118,63,108,30,24,7,8,0,0,0
Shane Bieber,CLE,24,20,19,0,0,114.2,130,58,118,23,13,11,5,0,0,0
Cole Hamels,TEX,36,20,20,0,0,114.1,115,60,114,42,23,5,9,0,0,0
J.A. Happ,TOR,37,20,20,0,0,114,99,53,130,35,17,10,6,0,0,0
John Gant,STL,27,26,19,0,0,114,91,44,95,57,9,7,6,0,0,0
Tyler Mahle,CIN,25,23,23,0,0,112,125,62,110,53,22,7,9,0,0,0
Eric Lauer,SD,24,23,23,0,0,112,127,54,100,46,15,6,7,0,0,0
Trevor Cahill,OAK,32,21,20,0,0,110,90,46,100,41,8,7,4,0,0,0
Robbie Erlin,SD,29,39,12,0,0,109,112,51,88,12,12,4,7,0,0,1
Homer Bailey,CIN,34,20,20,1,0,106.1,141,72,75,33,23,1,14,0,0,0
Aaron Sanchez,TOR,27,20,20,0,0,105,106,57,86,58,11,4,6,0,0,0
Tyler Chatwood,CHC,30,24,20,0,0,103.2,92,61,85,95,9,4,6,0,0,0
David Hess,BAL,26,21,19,0,0,103.1,106,56,74,37,22,3,10,0,0,0
Lance Lynn,MIN,33,20,20,0,0,102.1,105,58,100,62,12,7,8,0,0,0
Marcus Stroman,TOR,29,19,19,0,0,102.1,115,63,77,36,9,4,9,0,0,0
Hector Santiago,CWS,32,49,7,0,0,102,101,50,103,60,16,6,3,2,0,0
Matt Moore,TEX,30,39,12,0,0,102,128,77,86,41,19,3,8,0,1,2
Brent Suter,MIL,30,20,18,0,0,101.1,102,50,84,19,18,8,7,0,0,0
Seth Lugo,NYM,30,54,5,0,0,101.1,81,30,103,28,9,3,4,3,1,11
Brian Johnson,BOS,29,38,13,0,0,99.1,104,46,87,38,16,4,5,0,1,1
Clay Buchholz,ARI,35,16,16,1,0,98.1,80,22,81,22,9,7,2,0,0,0
Ryan Borucki,TOR,26,17,17,0,0,97.2,96,42,67,33,7,4,6,0,0,0
Chris Archer,TB,31,17,17,0,0,96,102,46,102,31,11,3,5,0,0,0
Yusmeiro Petit,OAK,35,74,0,0,0,93,76,31,76,18,13,7,3,0,2,16
Felix Pena,LAA,30,19,17,0,0,92.2,87,43,85,28,12,3,5,0,0,0
Edwin Jackson,OAK,36,17,17,0,0,92,75,34,68,37,12,6,3,0,0,0
Jason Vargas,NYM,37,20,20,0,0,92,100,59,84,30,18,7,9,0,0,0
Yovani Gallardo,TEX,34,18,18,0,0,92,99,59,56,43,13,8,8,0,0,0
Steven Brault,PIT,28,45,5,0,0,91.2,84,47,82,57,10,6,3,0,0,3
Jeremy Hellickson,WAS,33,19,19,0,0,91.1,78,35,65,20,11,5,3,0,0,0
Antonio Senzatela,COL,25,23,13,0,0,90.1,94,44,69,30,10,6,6,0,0,0
Yonny Chirinos,TB,26,18,7,0,0,89.2,84,35,75,25,7,5,5,0,0,0
Matt Koch,ARI,29,19,14,0,0,86.2,88,40,50,22,19,5,5,0,0,0
Miguel Castro,BAL,25,63,1,0,0,86.1,75,38,57,50,9,2,7,0,2,5
Blaine Hardy,DET,33,30,13,0,0,86,79,34,66,22,10,4,5,1,0,2
Domingo German,NYY,27,21,14,0,0,85.2,81,53,102,33,15,2,6,0,0,0
Martin Perez,TEX,29,22,15,0,0,85.1,116,59,52,36,16,2,7,0,1,2
Chad Kuhl,PIT,27,16,16,0,0,85,89,43,81,33,14,5,5,0,0,0
Hector Velazquez,BOS,31,47,8,0,0,85,97,30,53,26,7,7,2,0,0,3
Michael Wacha,STL,28,15,15,0,0,84.1,68,30,71,36,9,8,2,0,0,0
Mike Wright,BAL,30,48,2,0,0,84.1,101,52,74,36,12,4,2,0,0,1
Noe Ramirez,LAA,30,69,1,0,0,83.1,75,42,95,30,15,7,5,1,3,5
Hyun-Jin Ryu,LAD,33,15,15,0,0,82.1,68,18,89,15,9,7,3,0,0,0
Heath Fillmyer,KC,26,17,13,0,0,82.1,78,39,57,32,11,4,2,0,0,0
Josh Hader,MIL,26,55,0,0,0,81.1,36,22,143,30,9,6,1,12,5,22
Michael Lorenzen,CIN,28,45,3,0,0,81,78,28,54,34,6,4,2,1,1,8
Wade Miley,MIL,33,16,16,0,0,80.2,71,23,50,27,3,5,2,0,0,0
Brett Anderson,OAK,32,17,17,0,0,80.1,90,40,47,13,10,4,5,0,0,0
Blake Treinen,OAK,31,68,0,0,0,80.1,46,7,100,21,2,9,2,38,5,0
Robert Gsellman,NYM,26,68,0,0,0,80,76,38,70,28,8,6,3,13,6,16
Craig Stammen,SD,36,73,0,0,0,79,65,24,88,17,3,8,3,0,5,23
Brandon McCarthy,ATL,36,15,15,0,0,78.2,94,43,65,21,15,6,3,0,0,0
Jared Hughes,CIN,34,72,0,0,0,78.2,57,17,59,23,4,4,3,7,4,17
Freddy Peralta,MIL,23,16,14,0,0,78.1,49,37,96,40,8,6,4,0,0,0
Burch Smith,KC,30,38,6,0,0,78,90,60,77,40,15,1,6,0,0,1
Adam Ottavino,COL,34,75,0,0,0,77.2,41,21,112,36,5,6,4,6,5,34
Jordan Hicks,STL,23,73,0,0,0,77.2,59,31,70,45,2,3,4,6,7,25
Caleb Smith,MIA,28,16,16,0,0,77.1,63,36,88,33,10,5,6,0,0,0
Jeremy Jeffress,MIL,32,73,0,0,0,76.2,49,11,89,27,5,8,1,15,5,18
Adam Plutko,CLE,28,17,12,0,0,76.2,78,45,60,23,21,4,5,1,0,0
Mychal Givens,BAL,30,69,0,0,0,76.2,61,34,79,30,4,0,7,9,4,15
Garrett Richards,LAA,32,16,16,0,0,76.1,64,31,87,34,11,5,4,0,0,0
Cole Hamels,CHC,36,12,12,1,0,76.1,61,20,74,23,6,4,3,0,0,0
Nick Kingham,PIT,28,18,15,0,0,76,79,44,69,26,18,5,7,0,0,0
Nick Tropeano,LAA,29,14,14,0,0,76,68,40,64,31,16,5,6,0,0,0
Brian Flynn,KC,30,48,0,0,0,75.2,87,34,47,35,5,3,5,1,1,4
Chad Green,NYY,29,63,0,0,0,75.2,64,21,94,15,9,8,3,0,4,12
Austin Gomber,STL,26,29,11,0,0,75,81,37,67,32,7,6,2,0,0,7
Jaime Garcia,TOR,33,25,13,0,0,74.1,76,49,69,38,13,3,6,0,0,3
Drew Pomeranz,BOS,31,26,11,0,0,74,87,50,66,44,12,2,6,0,0,1
Lou Trivino,OAK,28,69,1,0,0,74,53,24,82,31,8,8,3,4,5,23
Edwin Diaz,SEA,26,73,0,0,0,73.1,41,16,124,17,5,0,4,57,4,0
Bryan Mitchell,SD,29,16,11,0,0,73,85,44,38,43,12,2,4,0,0,0
Trevor Hildenberger,MIN,29,73,0,0,0,73,75,44,70,26,12,4,6,7,4,18
Collin McHugh,HOU,32,58,0,0,0,72.1,45,16,94,21,6,6,2,0,1,12
Raisel Iglesias,CIN,30,66,0,0,0,72,52,19,80,25,12,2,5,30,4,0
T.J. McFarland,ARI,30,47,0,0,0,72,64,16,42,22,4,2,2,1,0,1
Kevin McCarthy,KC,28,65,0,0,0,72,70,26,46,20,7,5,4,0,4,17
Joe Biagini,TOR,30,50,4,0,0,72,96,48,53,24,14,4,7,0,0,5
Kenley Jansen,LAD,32,69,0,0,0,71.2,54,24,82,17,13,1,5,38,4,0
Archie Bradley,ARI,27,76,0,0,0,71.2,62,29,75,20,9,4,5,3,8,34
Jordan Lyles,SD,29,24,8,0,0,71.1,71,34,62,19,12,2,4,0,0,2
Josh Tomlin,CLE,35,32,9,0,0,70.1,92,48,46,12,25,2,5,0,0,1
Sam Dyson,SF,32,74,0,0,0,70.1,56,21,56,20,5,4,3,3,5,15
Steve Cishek,CHC,33,80,0,0,0,70.1,45,17,78,28,5,4,3,4,3,25
Eric Skoglund,KC,27,14,13,0,0,70,66,40,49,19,12,1,6,0,0,0
Felipe Vazquez,PIT,28,70,0,0,0,70,63,21,89,24,4,4,2,37,5,0
David Robertson,NYY,35,69,0,0,0,69.2,46,25,91,26,7,8,3,5,4,21
Austin Pruitt,TB,30,23,0,0,0,69.2,72,36,42,16,7,2,3,4,1,0
Richard Rodriguez,PIT,30,63,0,0,0,69.1,55,19,88,19,5,4,3,0,0,15
Buck Farmer,DET,29,66,1,0,0,69.1,67,32,57,41,6,3,4,0,0,7
Tyler Clippard,TOR,35,73,1,0,0,68.2,57,28,85,23,13,4,3,7,6,15
Alex Claudio,TEX,28,66,1,0,0,68.1,91,34,41,13,4,4,2,1,2,14
Taylor Rogers,MIN,29,72,0,0,0,68.1,49,20,75,16,3,1,2,2,2,18
Sergio Romo,TB,37,73,5,0,0,67.1,65,31,75,20,11,3,4,25,8,8
Cody Allen,CLE,31,70,0,0,0,67,58,35,80,33,11,4,6,27,5,7
Dellin Betances,NYY,32,66,0,0,0,66.2,44,20,115,26,7,4,6,4,3,20
Blake Parker,LAA,34,67,0,0,0,66.1,63,24,70,19,12,2,1,14,3,6
Ryne Stanek,TB,28,59,29,0,0,66.1,45,22,81,27,8,2,3,0,0,8
Yoshihisa Hirano,ARI,36,75,0,0,0,66.1,49,18,59,23,6,4,3,3,4,32
Edgar Santana,PIT,28,69,0,0,0,66.1,61,24,54,12,7,3,4,0,7,20
Zach Davies,MIL,27,13,13,0,0,66,67,35,49,21,8,2,7,0,0,0
Jarlin Garcia,MIA,27,29,7,0,0,66,59,36,40,28,16,3,3,0,0,2
Jonathan Holder,NYY,26,60,1,0,0,66,53,23,60,19,4,1,3,0,0,7
Doug Fister,TEX,36,12,12,0,0,66,73,33,40,19,11,1,7,0,0,0
Tony Watson,SF,35,72,0,0,0,66,54,19,72,14,4,4,6,0,4,32
Scott Alexander,LAD,30,73,1,0,0,66,57,27,56,27,4,2,1,3,3,21
Joe Kelly,BOS,31,73,0,0,0,65.2,57,32,68,32,4,4,2,2,5,21
Elieser Hernandez,MIA,25,32,6,0,0,65.2,68,38,45,27,11,2,7,0,0,2
Yefry Ramirez,BAL,26,17,12,0,0,65.1,64,43,62,36,11,1,8,0,0,0
Wade Davis,COL,34,69,0,0,0,65.1,43,30,78,26,8,3,6,43,6,0
Brad Peacock,HOU,32,61,1,0,0,65,56,25,96,20,11,3,5,3,3,10
Frankie Montas,OAK,27,13,11,0,0,65,74,28,43,21,5,5,4,0,0,0
Reyes Moronta,SF,27,69,0,0,0,65,34,18,79,37,4,5,2,1,5,12
Jake Faria,TB,26,17,12,0,0,65,60,39,50,33,9,4,4,0,0,0
Drew Steckenrider,MIA,29,71,0,0,0,64.2,55,28,74,27,7,4,4,5,5,19
Corey Oswalt,NYM,26,17,12,0,0,64.2,69,42,45,20,14,3,3,0,0,1
Ryan Tepera,TOR,32,68,0,0,0,64.2,55,26,68,24,9,5,5,7,8,19
Dan Jennings,MIL,33,72,1,0,0,64.1,66,23,45,23,6,4,5,1,2,11
David Hernandez,CIN,35,57,0,0,0,64,46,18,65,17,6,5,2,0,6,15
Tommy Hunter,PHI,33,65,0,0,0,64,65,27,51,15,6,5,4,4,2,25
Cam Bedrosian,LAA,28,71,0,0,0,64,63,27,57,26,7,5,4,1,7,10
Jose Alvarado,TB,25,70,0,0,0,64,42,17,80,29,1,1,6,8,4,32
Jesse Biddle,ATL,28,60,0,0,0,63.2,50,22,67,31,6,6,1,1,3,12
J.A. Happ,NYY,37,11,11,0,0,63.2,51,19,63,16,10,7,0,0,0,0
Jim Johnson,LAA,36,62,1,0,0,63.1,64,27,45,22,9,5,3,2,3,8
Shane Greene,DET,31,66,0,0,0,63.1,68,36,65,19,12,4,6,32,6,0
Kirby Yates,SD,33,65,0,0,0,63,41,15,90,17,6,5,3,12,1,16
Jose Alvarez,LAA,31,76,0,0,0,63,51,19,59,22,3,6,4,1,3,14
Amir Garrett,CIN,28,66,0,0,0,63,56,30,71,25,8,1,2,0,2,21
Shane Carle,ATL,28,53,0,0,0,63,50,20,43,27,2,4,1,1,1,14
Joe Jimenez,DET,25,68,0,0,0,62.2,53,30,78,22,5,5,4,3,4,23
Craig Kimbrel,BOS,32,63,0,0,0,62.1,31,19,96,31,7,5,1,42,5,0
Emilio Pagan,OAK,29,55,0,0,0,62,55,30,63,19,13,3,1,0,0,6
Alex Wilson,DET,33,59,0,0,0,61.2,50,23,43,15,8,2,4,0,4,14
Matt Barnes,BOS,29,62,0,0,0,61.2,47,25,96,31,5,6,4,0,3,26
A.J. Minter,ATL,26,65,0,0,0,61.1,57,22,69,22,3,4,3,15,2,12
Matt Strahm,SD,28,41,5,0,0,61.1,39,14,69,21,6,3,4,0,0,7
Kyle Crick,PIT,27,64,0,0,0,60.1,45,16,65,23,3,3,2,2,1,17
Dan Winkler,ATL,30,69,0,0,0,60.1,52,23,69,20,3,4,0,2,3,23
Heath Hembree,BOS,31,67,0,0,0,60,53,28,76,27,10,4,1,0,3,20
Kevin Gausman,ATL,29,10,10,0,0,59.2,50,19,44,18,5,5,3,0,0,0
Pedro Strop,CHC,34,60,0,0,0,59.2,38,15,57,21,4,6,1,13,4,9
Matt Grace,WAS,31,56,0,0,0,59.2,55,19,48,13,5,1,1,0,0,8
Matt Andriese,TB,30,27,4,0,0,59.2,55,27,59,18,7,3,4,0,0,2
Victor Arano,PHI,25,60,0,0,0,59.1,54,18,60,17,6,1,2,3,2,10
Hector Rondon,HOU,32,63,0,0,0,59,58,21,67,20,4,2,5,15,7,9
Scott Oberg,COL,30,56,0,0,0,58.2,45,16,57,12,4,8,1,0,4,14
Dan Otero,CLE,35,61,0,0,0,58.2,69,34,43,5,12,2,1,1,2,1
Pablo Lopez,MIA,24,10,10,0,0,58.2,56,27,46,18,8,2,4,0,0,0
Seranthony Dominguez,PHI,25,53,0,0,0,58,32,19,74,22,4,2,5,16,4,14
Tayron Guerrero,MIA,29,60,0,0,0,58,64,35,68,30,8,1,3,0,4,9
Jose Leclerc,TEX,26,59,0,0,0,57.2,24,10,85,25,1,2,3,12,4,15
Bud Norris,STL,35,64,0,0,0,57.2,51,23,67,21,8,3,6,28,5,2
Nathan Eovaldi,TB,30,10,10,0,0,57,48,27,53,8,11,3,4,0,0,0
Matt Magill,MIN,30,40,0,0,0,56.2,58,24,56,23,11,3,3,0,1,6
Will Harris,HOU,35,61,0,0,0,56.2,48,22,64,14,3,5,3,0,3,16
Diego Castillo,TB,26,43,11,0,0,56.2,36,20,65,18,6,4,2,0,2,10
Paul Sewald,NYM,30,46,0,0,0,56.1,62,38,58,23,8,0,7,2,2,2
Drew VerHagen,DET,29,41,1,0,0,56.1,46,29,53,19,6,3,3,0,2,3
Nick Vincent,SEA,33,62,1,0,0,56.1,50,25,56,15,7,4,4,0,2,15
Jesse Chavez,TEX,36,30,0,0,0,56.1,58,22,50,12,10,3,1,1,0,3
Pedro Baez,LAD,32,55,0,0,0,56.1,46,18,62,23,4,4,3,0,1,7
Tyler Glasnow,PIT,26,34,0,0,0,56,47,27,72,34,5,1,2,0,0,4
Addison Reed,MIN,31,55,0,0,0,56,65,28,44,15,11,1,6,0,4,10
Tyler Glasnow,TB,26,11,11,0,0,55.2,42,26,64,19,10,1,5,0,0,0
Fernando Romero,MIN,25,11,11,0,0,55.2,60,29,45,19,6,3,3,0,0,0
Kyle Barraclough,MIA,30,61,0,0,0,55.2,40,26,60,34,8,1,6,10,7,10
Corey Knebel,MIL,28,57,0,0,0,55.1,38,22,88,22,7,4,3,16,3,6
Justin Anderson,LAA,27,57,0,0,0,55.1,42,25,67,40,3,3,3,4,2,22
Bryan Shaw,COL,32,61,0,0,0,54.2,70,36,54,28,9,4,6,0,5,13
Justin Wilson,CHC,32,71,0,0,0,54.2,45,21,69,33,5,4,5,0,3,16
Chris Rusin,COL,33,49,0,0,0,54.2,56,37,47,26,7,2,3,0,1,7
Ariel Jurado,TEX,24,12,8,0,0,54.2,66,36,22,18,7,5,5,0,0,0
Lance Lynn,NYY,33,11,9,0,0,54.1,58,25,61,14,2,3,2,0,0,0
Nathan Eovaldi,BOS,30,12,11,0,0,54,57,20,48,12,3,3,3,0,0,0
Steven Wright,BOS,35,20,4,0,0,53.2,41,16,42,26,5,3,1,1,0,2
Chasen Bradford,SEA,30,46,0,0,0,53.2,55,22,38,14,9,5,0,0,0,2
Tanner Scott,BAL,25,53,0,0,0,53.1,55,32,76,28,6,3,3,0,3,5
Brad Boxberger,ARI,32,60,0,0,0,53.1,44,26,71,32,9,3,7,32,8,1
Will Smith,SF,30,54,0,0,0,53,37,15,71,15,3,2,3,14,4,6
Mike Fiers,OAK,34,10,9,0,0,53,45,22,52,11,12,5,2,0,0,0
Johnny Cueto,SF,34,9,9,0,0,53,46,19,38,13,8,3,2,0,0,0
Taylor Williams,MIL,28,56,0,0,0,53,53,25,57,25,6,1,3,0,1,4
Justin Miller,WAS,32,51,0,0,0,52.1,42,21,60,17,10,7,1,2,1,11
Chris Archer,PIT,31,10,10,0,0,52.1,53,25,60,18,8,3,3,0,0,0
Brad Ziegler,MIA,40,53,0,0,0,52,49,23,37,17,7,1,5,10,1,11
Carl Edwards Jr.,CHC,28,58,0,0,0,52,36,15,67,32,2,3,2,0,2,23
Jefry Rodriguez,WAS,26,14,8,0,0,52,43,33,39,37,8,3,3,0,0,0
Mike Mayers,STL,28,50,0,0,0,51.2,59,27,49,15,7,2,1,1,0,6
Shohei Ohtani,LAA,25,114,10,0,0,51.2,38,19,63,22,6,4,2,0,0,0
Jace Fry,CWS,26,59,1,0,0,51.1,37,25,70,20,4,2,3,4,1,16
Aroldis Chapman,NYY,32,55,0,0,0,51.1,24,14,93,30,2,3,0,32,2,1
Louis Coleman,DET,34,51,0,0,0,51.1,43,20,41,24,5,4,1,0,3,6
Jake McGee,COL,33,61,0,0,0,51.1,59,37,47,16,10,2,4,1,2,14
John Axford,TOR,37,45,1,0,0,51,44,25,50,20,6,4,1,0,0,6
Roenis Elias,SEA,31,23,4,0,0,51,46,15,34,16,1,3,1,0,0,0
Adam Conley,MIA,30,52,0,0,0,50.2,37,23,50,18,5,3,4,3,2,16
John Brebbia,STL,30,45,0,0,0,50.2,43,18,60,16,5,3,3,2,0,5
Erick Fedde,WAS,27,11,11,0,0,50.1,55,31,46,22,8,2,4,0,0,0
Sam Freeman,ATL,32,63,0,0,0,50.1,41,24,58,32,3,3,5,0,3,9
Chaz Roe,TB,33,61,0,0,0,50.1,35,20,53,16,6,1,3,1,1,32
James Pazos,SEA,29,60,0,0,0,50,47,16,45,15,4,4,1,0,2,19
Adam Morgan,PHI,30,67,0,0,0,49.1,49,21,50,22,5,0,2,1,3,14
Andrew Chafin,ARI,29,77,0,0,0,49.1,41,17,53,25,0,1,6,0,0,17
Caleb Ferguson,LAD,23,29,3,0,0,49,43,19,59,12,8,7,2,2,1,5
Jacob Barnes,MIL,30,49,0,0,0,48.2,51,18,47,23,4,0,1,2,2,4
Adam Cimber,SD,29,42,0,0,0,48.1,42,17,51,10,2,3,5,0,1,5
Ryan Pressly,MIN,31,51,0,0,0,47.2,46,18,69,19,5,1,1,0,4,8
Michael Feliz,PIT,26,47,0,0,0,47.2,49,30,55,23,6,1,2,0,2,12
Hector Neris,PHI,30,53,0,0,0,47.2,46,27,76,16,11,1,3,11,3,4
Chris Bassitt,OAK,31,11,7,0,0,47.2,40,16,41,19,4,2,3,0,0,0
Wander Suero,WAS,28,40,0,0,0,47.2,43,19,47,15,4,4,1,0,0,2
Phil Maton,SD,27,45,0,0,0,47.1,50,23,55,23,3,0,2,0,1,3
Chris Devenski,HOU,29,50,1,0,0,47.1,42,22,51,13,9,2,3,2,3,18
Chris Volstad,CWS,33,33,1,0,0,47.1,65,33,29,12,9,1,5,0,1,0
Seunghwan Oh,TOR,37,48,0,0,0,47,37,14,55,10,5,4,3,2,3,13
Juan Minaya,CWS,29,52,0,0,0,46.2,39,17,58,29,3,2,2,1,3,8
Randy Rosario,CHC,26,44,0,0,0,46.2,47,19,30,22,5,4,0,1,1,8
Alex Colome,SEA,31,47,0,0,0,46.1,35,13,49,13,6,5,0,1,3,30
Daniel Hudson,LAD,33,40,1,0,0,46,38,21,44,18,6,3,2,0,1,3
Luis Garcia,PHI,33,59,0,0,0,46,49,31,51,18,4,3,1,1,3,13
Erasmo Ramirez,SEA,30,10,10,0,0,45.2,52,33,33,12,14,2,4,0,0,0
Jake Petricka,TOR,31,41,0,0,0,45.2,59,23,41,16,6,3,1,0,0,1
Joe Smith,HOU,36,56,0,0,0,45.2,34,19,46,12,7,5,1,0,2,11
Tim Hill,KC,30,70,0,0,0,45.2,46,23,42,14,4,1,4,2,2,13
Wandy Peralta,CIN,28,59,0,0,0,45.1,58,27,31,31,2,2,2,0,0,7
Hunter Strickland,SF,31,49,0,0,0,45.1,43,20,37,21,5,3,5,14,4,0
Austin Bibens-Dirkx,TEX,35,13,6,0,0,45,56,31,33,14,9,2,3,0,0,0
Sean Doolittle,WAS,33,43,0,0,0,45,21,8,60,6,3,3,3,25,1,1
Jeff Samardzija,SF,35,10,10,0,0,44.2,47,31,30,26,6,1,5,0,0,0
Luis Perdomo,SD,27,12,10,0,0,44.2,62,35,39,22,4,1,6,0,0,0
Luis Cessa,NYY,28,16,5,0,0,44.2,51,26,39,13,5,1,4,2,0,0
Harrison Musgrave,COL,28,35,0,0,0,44.2,36,23,32,22,7,2,3,0,0,5
Jalen Beeks,TB,26,12,0,0,0,44.1,41,22,37,20,5,5,0,0,0,0
Ryan Madson,WAS,39,49,0,0,0,44.1,48,26,41,15,6,2,5,4,3,14
Brad Hand,SD,30,41,0,0,0,44.1,33,15,65,15,5,2,4,24,5,3
Daniel Norris,DET,27,11,8,0,0,44.1,46,28,51,19,8,0,5,0,0,0
Pierce Johnson,SF,29,37,0,0,0,43.2,38,27,36,22,5,3,2,0,0,1
Fernando Rodney,MIN,43,46,0,0,0,43.2,42,15,50,19,5,3,2,25,6,0
Cody Reed,CIN,27,17,7,0,0,43,45,19,42,15,5,1,3,0,0,1
Thomas Pannone,TOR,26,12,6,0,0,43,37,20,29,15,7,4,1,0,0,0
Edubray Ramos,PHI,27,52,0,0,0,42.2,34,11,42,15,4,3,1,1,1,12
Jerry Blevins,NYM,36,64,1,0,0,42.2,36,23,41,22,6,3,2,1,0,8
Brandon Kintzler,WAS,35,45,0,0,0,42.2,40,17,31,13,2,1,2,2,3,15
Jacob Nix,SD,24,9,9,0,0,42.1,52,33,21,13,8,2,5,0,0,0
Brandon Woodruff,MIL,27,19,4,0,0,42.1,36,17,47,14,4,3,0,1,0,2
Juan Nicasio,SEA,33,46,0,0,0,42,53,28,53,5,6,1,6,1,6,19
Neil Ramirez,CLE,31,47,0,0,0,41.2,36,21,51,18,9,0,3,0,1,13
Zach McAllister,CLE,32,41,0,0,0,41.2,47,23,34,10,7,1,2,0,1,4
Chris Martin,TEX,33,46,0,0,0,41.2,46,21,37,5,5,1,5,0,3,14
Brandon Workman,BOS,31,43,0,0,0,41.1,34,15,37,16,6,6,1,0,0,7
Andrew Triggs,OAK,31,9,9,0,0,41.1,37,24,43,18,7,3,1,0,0,0
Danny Barnes,TOR,30,47,0,0,0,41,47,26,38,22,6,3,3,0,2,8
Hunter Wood,TB,26,29,8,0,0,41,42,17,42,18,4,1,1,0,0,4
Josh Fields,LAD,34,45,0,0,0,41,28,10,33,11,4,2,2,2,1,8
Luke Jackson,ATL,28,35,0,0,0,40.2,41,20,46,21,3,1,2,1,1,3
Jeurys Familia,NYM,30,40,0,0,0,40.2,36,13,43,14,1,4,4,17,4,1
Adam Wainwright,STL,38,8,8,0,0,40.1,41,20,40,18,5,2,4,0,0,0
Yu Darvish,CHC,33,8,8,0,0,40,36,22,49,21,7,1,3,0,0,0
Fernando Salas,ARI,35,41,0,0,0,40,40,20,30,13,5,4,4,0,0,4
Jimmy Yacabonis,BAL,28,12,7,0,0,40,40,24,33,18,8,0,2,0,0,0
Robert Stock,SD,30,32,0,0,0,39.2,37,11,38,13,1,1,1,0,1,4
Luis Avilan,CWS,30,58,0,0,0,39.2,40,17,46,14,2,2,1,2,2,9
Ryan Buchter,OAK,33,54,0,0,0,39.1,32,12,41,15,4,6,0,0,0,16
Sammy Solis,WAS,31,56,0,0,0,39.1,43,28,44,18,7,1,2,0,4,13
Jesse Chavez,CHC,36,32,0,0,0,39,26,5,42,5,3,2,1,4,1,4
Mark Melancon,SF,35,41,0,0,0,39,48,14,31,14,2,1,4,3,4,8
Brad Brach,BAL,34,42,0,0,0,39,50,21,38,19,4,1,2,11,2,3
Jake Diekman,TEX,33,47,0,0,0,39,31,16,48,23,2,1,1,2,1,14
Tony Sipp,HOU,36,54,0,0,0,38.2,27,8,42,13,1,3,1,0,0,10
Joakim Soria,CWS,36,40,0,0,0,38.2,35,11,49,10,2,0,3,16,3,2
Artie Lewicki,DET,28,13,3,0,0,38.2,48,21,30,14,4,0,2,0,0,1
Andrew Kittredge,TB,30,33,3,0,0,38.1,54,33,30,17,7,3,2,0,0,0
Glenn Sparkman,KC,28,15,3,0,0,38.1,47,19,27,15,3,0,3,0,0,0
Jackson Stephens,CIN,26,29,0,0,0,38.1,50,21,33,15,7,2,3,0,0,0
Jose Castillo,SD,24,37,0,0,0,38.1,23,14,52,12,3,3,3,0,1,12
Arodys Vizcaino,ATL,29,39,0,0,0,38.1,30,9,40,15,4,2,2,16,2,1
Daniel Stumpf,DET,29,56,0,0,0,38.1,44,21,37,16,5,1,5,0,3,11
A.J. Cole,NYY,28,28,0,0,0,38,39,18,49,16,9,3,1,0,1,0
Chasen Shreve,NYY,29,40,0,0,0,38,39,18,46,18,8,2,2,1,0,3
Corbin Burnes,MIL,25,30,0,0,0,38,27,11,35,11,4,7,0,1,1,3
Paul Fry,BAL,27,35,0,0,0,37.2,33,14,36,15,1,1,2,2,2,9
Brian Duensing,CHC,37,48,0,0,0,37.2,42,32,24,29,6,3,0,1,2,2
Zach Duke,MIN,37,45,0,0,0,37.1,44,15,39,15,0,3,4,0,3,12
Austin Brice,CIN,27,33,0,0,0,37.1,39,24,32,13,9,2,3,0,0,3
Framber Valdez,HOU,26,8,5,0,0,37,22,9,34,24,3,4,1,0,0,0
Keone Kela,TEX,27,38,0,0,0,36.2,28,14,44,14,3,3,3,24,1,0
Kohl Stewart,MIN,25,8,4,0,0,36.2,34,15,24,18,1,2,1,0,0,0
Hansel Robles,LAA,29,37,0,0,0,36.1,32,12,36,15,2,0,1,2,1,6
Chris Hatcher,OAK,35,34,0,0,0,36.1,43,20,30,17,7,3,3,0,2,1
Dylan Floro,CIN,29,25,0,0,0,36.1,39,11,27,12,2,3,2,0,0,1
Gabriel Moya,MIN,25,35,6,0,0,36.1,35,19,31,13,6,3,1,0,2,3
Yacksel Rios,PHI,26,36,0,0,0,36,43,27,36,15,6,3,2,0,0,2
Taylor Cole,LAA,30,18,2,0,0,36,20,11,39,12,3,4,2,0,0,0
Javy Guerra,MIA,34,32,0,0,0,35.2,42,22,30,12,4,1,1,1,0,1
Aaron Loup,TOR,32,50,0,0,0,35.2,44,18,42,13,4,0,0,0,0,9
Tim Mayza,TOR,28,37,0,0,0,35.2,33,13,40,14,3,2,0,0,0,1
Drew Rucinski,MIA,31,32,0,0,0,35.1,34,17,27,13,2,4,2,0,1,4
Kazuhisa Makita,SD,35,27,0,0,0,35,32,21,37,12,7,0,1,0,0,2
Jorge De La Rosa,ARI,39,42,0,0,0,35,37,18,27,19,6,0,2,0,1,6
Austin Davis,PHI,27,32,0,0,0,34.2,35,16,38,12,4,1,2,0,0,2
Kendall Graveman,OAK,29,7,7,0,0,34.1,44,29,27,13,9,1,5,0,0,0
Matt Albers,MIL,37,34,0,0,0,34.1,45,28,32,12,10,3,3,1,1,7
Wily Peralta,KC,31,37,0,0,0,34.1,28,14,35,23,4,1,0,14,0,1
Warwick Saupold,DET,30,31,0,0,0,34.1,41,17,16,13,6,4,1,1,2,1
Adam Kolarek,TB,31,31,0,0,0,34.1,38,15,19,5,0,1,0,2,2,10
Jorge Lopez,KC,27,7,7,0,0,34,41,24,23,9,5,2,4,0,0,0
Andrew Miller,CLE,35,37,0,0,0,34,31,16,45,16,3,2,4,2,3,10
Sandy Alcantara,MIA,24,6,6,0,0,34,25,13,30,23,3,2,3,0,0,0
Nick Wittgren,MIA,29,32,0,0,0,33.2,29,11,31,15,1,2,1,0,0,4
Ryan Brasier,BOS,32,34,0,0,0,33.2,19,6,29,7,2,2,0,0,2,10
Max Fried,ATL,26,14,5,0,0,33.2,26,11,44,20,3,1,4,0,0,1
Brett Graves,MIA,27,21,0,0,0,33.1,41,20,21,12,3,1,1,1,0,0
Sean Reid-Foley,TOR,24,7,7,0,0,33.1,31,19,42,21,6,2,4,0,0,0
Vidal Nuno,TB,32,17,0,0,0,33,24,6,29,10,5,3,0,0,1,0
Daniel Ponce de Leon,STL,28,11,4,0,0,33,24,10,31,13,2,0,2,1,0,0
Brett Cecil,STL,33,40,0,0,0,32.2,39,25,19,25,5,1,1,0,0,0
Richard Bleier,BAL,33,31,0,0,0,32.2,36,7,15,4,0,3,0,0,1,9
Shawn Kelley,WAS,36,35,0,0,0,32.1,26,12,32,5,7,1,0,0,1,1
Oliver Perez,CLE,38,51,0,0,0,32.1,17,5,43,7,1,1,1,0,0,15
JT Chargois,LAD,29,39,0,0,0,32.1,26,12,40,15,4,2,4,0,4,7
Jason Adam,KC,28,31,0,0,0,32.1,30,22,37,15,9,0,3,0,2,2
Jacob Rhame,NYM,27,30,0,0,0,32.1,38,21,28,8,8,1,2,1,1,2
Carson Fulmer,CWS,26,9,8,0,0,32.1,37,29,29,24,8,2,4,0,0,0
Jeffrey Springs,TEX,27,18,2,0,0,32,32,12,31,14,4,1,1,0,1,2
Eddie Butler,TEX,29,22,0,0,0,32,43,23,18,12,10,1,2,2,0,2
Tyler Bashlor,NYM,27,24,0,0,0,32,26,15,25,12,6,0,3,0,0,0
Sam Tuivailala,STL,27,31,0,0,0,31.2,35,13,26,11,3,3,3,0,0,4
Aaron Bummer,CWS,26,37,0,0,0,31.2,40,15,35,10,1,0,1,0,1,2
Brandon Maurer,KC,29,37,0,0,0,31.1,42,27,31,25,7,0,4,1,6,3
Luke Farrell,CHC,28,20,2,0,0,31.1,30,18,39,16,7,3,4,0,1,1
Santiago Casilla,OAK,39,26,0,0,0,31.1,18,11,22,20,0,0,0,1,0,1
Jeurys Familia,OAK,30,30,0,0,0,31.1,24,12,40,14,2,4,2,1,2,6
Matt Shoemaker,LAA,33,7,7,0,0,31,29,17,33,10,3,2,2,0,0,0
Silvino Bracho,ARI,27,31,0,0,0,31,25,11,34,12,2,2,0,0,4,2
Ken Giles,HOU,29,34,0,0,0,30.2,36,17,31,3,2,0,2,12,0,1
Brandon Morrow,CHC,35,35,0,0,0,30.2,24,5,31,9,2,0,0,22,2,0
Jaime Schultz,TB,28,22,1,0,0,30.1,18,19,35,17,6,2,2,0,0,3
Victor Alcantara,DET,27,27,0,0,0,30,25,8,21,6,5,1,1,0,0,3
Cory Gearrin,SF,34,35,0,0,0,30,33,14,31,13,5,1,1,1,2,2
Nate Jones,CWS,34,33,0,0,0,30,28,10,32,15,4,2,2,5,3,6
Adam Warren,NYY,32,24,0,0,0,30,26,9,37,12,3,0,1,0,0,2
Deck McGuire,LAA,30,17,4,0,0,29.2,29,20,26,21,7,0,2,0,0,0
Bruce Rondon,CWS,29,35,0,0,0,29.2,37,28,40,27,1,2,3,1,1,5
Erik Goeddel,LAD,31,26,0,0,0,29.1,22,11,35,15,4,1,0,0,2,5
Touki Toussaint,ATL,23,7,5,0,0,29,18,13,32,21,1,2,1,0,0,0
Peter Moylan,ATL,41,39,0,0,0,28.1,32,14,23,18,4,0,1,0,1,3
Drew Smith,NYM,26,27,0,0,0,28,34,11,18,6,2,1,1,0,2,4
Pedro Araujo,BAL,26,20,0,0,0,28,29,24,29,18,9,1,3,0,0,0
Tim Peterson,NYM,29,22,0,0,0,27.2,29,19,25,5,8,2,2,0,0,3
Dillon Peters,MIA,27,7,5,0,0,27.2,34,22,17,15,4,2,2,0,0,0
Yohander Mendez,TEX,25,8,5,0,0,27.2,28,17,18,15,4,2,2,0,0,0
Dylan Floro,LAD,29,29,0,0,0,27.2,18,5,31,11,1,3,1,0,0,6
Brad Hand,CLE,30,28,0,0,0,27.2,19,7,41,13,3,0,1,8,2,7
Paul Blackburn,OAK,26,6,6,0,0,27.2,33,22,19,6,2,2,3,0,0,0
Jordan Montgomery,NYY,27,6,6,0,0,27.1,25,11,23,12,3,2,0,0,0,0
Dakota Hudson,STL,25,26,0,0,0,27.1,19,8,19,18,0,4,1,0,0,11
Tyler Olson,CLE,30,43,0,0,0,27.1,26,15,40,12,4,2,1,0,0,5
Dovydas Neverauskas,PIT,27,25,0,0,0,27,30,24,27,10,9,0,0,0,1,2
Sean Gilmartin,BAL,30,12,0,0,0,27,23,9,15,11,4,1,1,0,0,0
Wilmer Font,TB,30,9,5,0,0,27,15,5,20,11,2,2,1,0,0,0
Matt Harvey,NYM,31,8,4,0,0,27,33,21,20,9,6,0,2,0,0,0
Chris Tillman,BAL,32,7,7,0,0,26.2,42,31,13,17,6,1,5,0,0,0
Matt Wisler,ATL,27,7,3,0,0,26.2,30,16,21,5,6,1,1,0,0,0
Brett Kennedy,SD,25,6,6,0,0,26.2,36,20,18,12,6,1,2,0,0,0
Clay Holmes,PIT,27,11,4,0,0,26.1,30,20,21,23,2,1,3,0,1,0
Tony Barnette,TEX,36,22,0,0,0,26.1,19,7,26,5,2,2,0,0,0,1
Tommy Milone,WAS,33,5,4,0,0,26.1,37,17,23,1,7,1,1,0,0,0
Anthony Swarzak,NYM,34,29,0,0,0,26.1,28,18,31,14,6,0,2,4,1,2
Tyson Ross,STL,33,9,1,0,0,26.1,20,8,15,10,1,2,0,0,0,0
Kelvin Herrera,KC,30,27,0,0,0,25.2,19,3,22,2,2,1,1,14,2,0
Mike Soroka,ATL,22,5,5,0,0,25.2,30,10,21,7,1,2,1,0,0,0
Ryan Dull,OAK,30,28,0,0,0,25.1,22,12,21,7,3,0,0,0,0,4
Alan Busenitz,MIN,29,23,0,0,0,25.1,37,22,26,14,8,4,1,0,2,0
Trevor May,MIN,30,24,1,0,0,25.1,21,9,36,5,4,4,1,3,0,5
Gio Gonzalez,MIL,34,5,5,0,0,25.1,14,6,22,10,2,3,0,0,0,0
Xavier Cedeno,CWS,33,33,0,0,0,25.1,19,8,28,13,1,2,0,1,1,7
Zack Britton,NYY,32,25,0,0,0,25,18,8,21,11,2,1,0,3,2,8
Greg Holland,STL,34,32,0,0,0,25,34,22,22,22,1,0,2,0,3,2
Jeanmar Gomez,CWS,32,26,0,0,0,25,29,13,27,10,3,0,2,0,1,6
Tyler Duffey,MIN,29,19,1,0,0,25,26,20,19,4,6,2,2,0,0,2
Stephen Gonsalves,MIN,25,7,4,0,0,24.2,28,18,16,22,2,2,2,0,0,0
Ervin Santana,MIN,37,5,5,0,0,24.2,31,22,16,9,9,0,1,0,0,0
Jonathan Loaisiga,NYY,25,9,4,0,0,24.2,26,14,33,12,3,2,0,0,0,0
Pat Neshek,PHI,39,30,0,0,0,24.1,23,7,15,5,2,3,2,5,1,6
Daniel Gossett,OAK,27,5,5,0,0,24.1,25,14,12,8,5,0,3,0,0,0
Dominic Leone,STL,28,29,0,0,0,24,27,12,26,8,3,1,2,0,2,5
Tyler Thornburg,BOS,31,25,0,0,0,24,28,15,21,10,6,2,0,0,0,3
Liam Hendriks,OAK,31,25,8,0,0,24,25,11,22,10,3,0,1,0,0,0
Casey Kelly,SF,30,7,3,0,0,23.2,28,8,16,5,3,0,3,0,0,0
Matt Belisle,MIN,39,25,0,0,0,23.2,40,24,21,10,5,1,1,0,0,1
Chris Beck,CWS,29,14,0,0,0,23.2,24,11,16,11,5,0,0,1,0,0
Brad Brach,ATL,34,27,0,0,0,23.2,22,4,22,9,1,1,2,1,2,8
Ben Lively,PHI,28,5,5,0,0,23.2,34,18,22,10,4,0,2,0,0,0
Daniel Coulombe,OAK,30,27,0,0,0,23.2,24,12,26,11,5,1,1,0,0,0
Ray Black,SF,29,26,0,0,0,23.1,17,16,33,10,4,2,2,0,1,1
Casey Lawrence,SEA,32,11,0,0,0,23.1,28,19,14,10,2,1,0,0,0,0
Ryan Pressly,HOU,31,26,0,0,0,23.1,11,2,32,3,1,1,0,2,2,13
Tommy Kahnle,NYY,30,24,0,0,0,23.1,23,17,30,15,3,2,0,1,1,2
Matt Bush,TEX,34,21,0,0,0,23,23,12,19,14,3,0,0,0,0,3
Adrian Sampson,TEX,28,5,4,0,0,23,24,11,15,4,6,0,3,0,0,0
Josh James,HOU,27,6,3,0,0,23,15,6,29,7,3,2,0,0,0,2
Matt Bowman,STL,29,22,0,0,0,23,29,16,26,11,4,0,2,0,2,5
Roberto Osuna,HOU,25,23,0,0,0,22.2,17,5,19,3,1,2,2,12,0,2
Tony Cingrani,LAD,30,30,0,0,0,22.2,19,12,36,6,2,1,2,0,2,11
Tim Collins,WAS,30,38,0,0,0,22.2,23,11,21,12,5,0,0,0,0,4
Adalberto Mejia,MIN,26,5,4,0,0,22.1,17,5,13,9,1,2,0,0,0,0
Ryan Carpenter,DET,29,6,5,0,0,22.1,34,18,15,4,8,1,2,0,0,0
Yimi Garcia,LAD,29,25,0,0,0,22.1,29,14,19,4,7,1,2,0,1,2
Bobby Poyner,BOS,27,20,0,0,0,22.1,22,8,24,3,4,1,0,0,0,5
Merandy Gonzalez,MIA,24,8,1,0,0,22,31,14,19,8,4,2,1,0,0,0
Joakim Soria,MIL,36,26,0,0,0,22,18,10,26,6,2,3,1,0,2,11
Blaine Boyer,KC,38,21,0,0,0,21.2,32,29,9,13,7,2,1,1,1,2
Brad Ziegler,ARI,40,29,0,0,0,21.2,22,9,13,8,1,1,1,0,1,9
Adam Warren,SEA,32,23,0,0,0,21.2,22,9,15,8,3,3,1,0,1,2
Alex Colome,TB,31,23,0,0,0,21.2,24,10,23,8,1,2,5,11,2,0
Greg Holland,WAS,34,24,0,0,0,21.1,9,2,25,10,1,2,0,3,0,4
Seunghwan Oh,COL,37,25,0,0,0,21.1,15,6,24,7,3,2,0,1,3,8
Cory Gearrin,TEX,34,21,0,0,0,21.1,13,6,20,6,2,1,0,0,0,7
Drew Hutchison,PHI,29,11,0,0,0,21.1,21,11,19,13,4,1,1,0,0,0
Drew Hutchison,TEX,29,5,5,0,0,21.1,29,21,12,13,5,1,1,0,0,0
Zac Reininger,DET,27,18,0,0,0,21.1,28,18,18,9,5,1,0,0,0,0
Ryan Meisinger,BAL,26,18,1,0,0,21,18,15,21,10,6,2,1,0,0,0
Randy Messenger,BAL,38,18,1,0,0,21,18,15,21,10,6,2,1,0,0,0
Jorge De La Rosa,CHC,39,17,0,0,0,21,14,3,20,8,0,0,0,1,0,3
Fernando Rodney,OAK,43,22,0,0,0,20.2,20,9,20,13,2,1,1,0,1,8
Phil Hughes,SD,33,16,0,0,0,20.2,30,14,24,5,7,0,0,0,0,0
Brandon Finnegan,CIN,27,5,5,0,0,20.2,27,17,14,15,5,0,3,0,0,0
Dan Altavilla,SEA,27,22,0,0,0,20.2,11,6,23,15,2,3,2,0,1,5
Zack Littell,MIN,24,8,2,0,0,20.1,25,14,14,11,3,0,2,0,0,0
Odrisamer Despaigne,MIA,33,11,1,0,0,20.1,22,12,18,8,1,2,0,0,1,0
Oliver Drake,MIN,33,19,0,0,0,20.1,12,5,22,7,2,0,0,0,0,1
Jonny Venters,ATL,35,28,0,0,0,20.1,15,8,16,10,0,4,1,2,1,10
Darren O'Day,BAL,37,20,0,0,0,20,18,8,27,4,3,0,2,2,2,4
Junichi Tazawa,MIA,33,22,0,0,0,20,28,20,24,13,6,1,1,0,0,2
Adam Cimber,CLE,29,28,0,0,0,20,26,9,7,7,3,0,3,0,0,7
Luis Santos,TOR,29,15,1,0,0,20,26,16,24,10,4,1,1,0,0,0
Ken Giles,TOR,29,21,0,0,0,19.2,18,9,22,4,4,0,1,14,0,0
Hansel Robles,NYM,29,16,0,0,0,19.2,21,11,23,10,7,2,2,0,0,2
Luiz Gohara,ATL,23,9,1,0,0,19.2,16,13,18,8,3,0,1,1,0,0
Jorge Lopez,MIL,27,10,0,0,0,19.2,16,6,15,13,1,0,1,0,0,0
AJ Ramos,NYM,33,28,0,0,0,19.2,17,14,22,15,3,2,2,0,0,7
George Kontos,PIT,34,21,0,0,0,19.2,23,11,9,5,4,2,3,1,1,5
Donnie Hart,BAL,29,20,0,0,0,19.1,31,12,13,12,2,0,0,0,0,1
Enyel De Los Santos,PHI,24,7,2,0,0,19,19,10,15,8,2,1,0,0,0,0
Jimmy Cordero,WAS,28,22,0,0,0,19,23,12,12,12,2,1,2,0,1,0
Trey Wingenter,SD,26,22,0,0,0,19,13,8,27,11,3,0,0,0,2,5
Ben Meyer,MIA,27,13,0,0,0,19,26,22,9,14,2,0,0,0,0,0
Matt Andriese,ARI,30,14,1,0,0,19,29,19,19,7,8,0,3,0,0,0
Trevor Gott,WAS,27,20,0,0,0,19,19,12,15,10,4,0,2,0,0,2
Odrisamer Despaigne,LAA,33,8,4,0,0,18.2,30,17,17,11,3,0,3,0,0,0
Kelvin Herrera,WAS,30,21,0,0,0,18.2,24,9,16,8,4,1,2,3,0,2
Miguel Diaz,SD,25,11,0,0,0,18.2,16,10,30,12,2,1,0,0,0,0
Eduardo Paredes,LAA,25,14,0,0,0,18.1,25,14,15,7,5,0,0,0,0,0
Alec Mills,CHC,28,7,2,0,0,18,11,8,23,7,1,0,1,0,0,0
Brandon Kintzler,CHC,35,25,0,0,0,18,27,14,12,9,3,2,1,0,0,4
Keynan Middleton,LAA,26,16,0,0,0,17.2,14,4,16,9,1,0,0,6,1,2
Tyler Cloyd,MIA,33,7,0,0,0,17.2,25,17,13,10,3,0,0,0,0,0
Eddie Butler,CHC,29,8,0,0,0,17.2,16,8,11,7,1,1,1,0,0,0
Brock Stewart,LAD,28,9,2,0,0,17.2,23,12,14,9,4,0,1,0,1,0
Thyago Vieira,CWS,26,16,0,0,0,17.2,21,14,15,9,4,1,1,1,0,1
Nick Rumbelow,SEA,28,13,0,0,0,17.2,19,12,16,6,6,0,0,0,0,1
Chase De Jong,MIN,26,4,4,0,0,17.2,18,7,13,6,3,1,1,0,0,0
William Cuevas,BOS,29,9,1,0,0,17,20,14,20,11,3,0,2,0,0,1
Cody Carroll,BAL,27,15,0,0,0,17,21,17,16,13,6,0,2,0,1,1
Ryan Cook,SEA,32,19,0,0,0,17,15,10,23,7,4,2,1,0,0,5
Mike Dunn,COL,35,25,0,0,0,17,22,17,12,18,1,0,0,0,0,5
Kevin Jepsen,TEX,35,21,0,0,0,16.2,15,11,8,11,4,0,3,0,0,3
Shawn Kelley,OAK,36,19,0,0,0,16.2,7,4,18,6,0,1,0,0,1,3
Tyler Lyons,STL,32,27,0,0,0,16.2,24,16,19,8,3,1,0,0,2,9
J.B. Wendelken,OAK,27,13,0,0,0,16.2,8,1,14,5,1,0,0,0,0,1
Mark Leiter,PHI,29,12,0,0,0,16.2,22,10,13,8,5,0,1,0,0,0
James Sherfy,ARI,28,15,0,0,0,16.1,8,3,17,10,1,0,0,0,0,1
Koda Glover,WAS,27,21,0,0,0,16.1,13,6,9,10,1,1,3,1,0,5
Spencer Turnbull,DET,27,4,3,0,0,16.1,17,11,15,4,1,0,2,0,0,1
Jeff Brigham,MIA,28,4,4,0,0,16.1,16,11,12,13,2,0,4,0,0,0
Ty Buttrey,LAA,27,16,0,0,0,16.1,15,6,20,5,0,0,1,4,2,6
Jake Thompson,PHI,26,9,0,0,0,16.1,14,9,14,11,1,1,0,2,0,0
Jordan Lyles,MIL,29,11,0,0,0,16.1,12,6,22,9,0,1,0,0,0,0
Shelby Miller,ARI,29,5,4,0,0,16,24,19,19,8,5,0,4,0,0,1
Joe Ross,WAS,27,3,3,0,0,16,17,9,7,4,3,0,2,0,0,0
Zack Britton,BAL,32,16,0,0,0,15.2,11,6,13,10,1,1,0,4,1,1
Anthony Bass,CHC,32,16,0,0,0,15.1,18,5,14,3,1,0,0,0,0,3
Brooks Pounders,COL,29,14,0,0,0,15.1,25,13,17,2,3,0,1,0,1,0
Roberto Osuna,TOR,25,15,0,0,0,15.1,16,5,13,1,0,0,0,9,1,0
Keone Kela,PIT,27,16,0,0,0,15.1,10,5,22,5,2,0,1,0,1,4
Tyler Webb,STL,29,18,0,0,0,15.1,16,3,11,6,1,0,0,0,0,0
Ranger Suarez,PHI,24,4,3,0,0,15,21,9,11,6,3,1,1,0,0,0
Scott Barlow,KC,27,6,0,0,0,15,16,6,15,3,2,1,1,0,0,0
Walker Lockett,SD,26,4,3,0,0,15,22,16,12,10,4,0,3,0,0,0
Williams Jerez,LAA,28,17,0,0,0,15,17,10,15,8,3,0,0,0,1,3
Marcus Walden,BOS,31,8,0,0,0,14.2,14,6,14,3,0,0,0,1,0,1
Zach Duke,SEA,37,27,0,0,0,14.2,13,9,12,6,1,2,1,0,0,5
Yency Almonte,COL,25,14,0,0,0,14.2,15,3,14,4,1,0,0,0,0,3
Shawn Armstrong,SEA,29,14,0,0,0,14.2,9,2,15,3,1,0,1,1,0,2
Chasen Shreve,STL,29,20,0,0,0,14.2,14,5,16,9,3,1,2,0,0,3
Anthony Banda,TB,26,3,1,0,0,14.2,12,6,10,3,1,1,0,0,0,0
Carson Smith,BOS,30,18,0,0,0,14.1,14,6,18,6,2,1,1,0,1,5
Josh Lucas,OAK,29,8,1,0,0,14.1,16,10,14,9,1,0,0,0,0,0
Sandy Baez,DET,26,9,0,0,0,14.1,12,8,10,9,2,0,0,0,0,1
Chad Sobotka,ATL,26,14,0,0,0,14.1,5,3,21,9,2,1,0,0,0,1
Michael Kopech,CWS,24,4,4,0,0,14.1,20,8,15,2,4,1,1,0,0,0
Jake Diekman,ARI,33,24,0,0,0,14.1,18,12,18,8,2,0,1,0,0,3
Christian Bergman,SEA,32,3,2,0,0,14,12,9,7,3,4,0,1,0,0,0
Akeel Morris,LAA,27,9,0,0,0,14,18,9,7,8,3,0,0,0,0,0
Jonny Venters,TB,35,22,1,0,0,14,11,6,11,6,1,1,1,1,0,5
Pat Venditte,LAD,34,15,0,0,0,14,11,4,9,3,1,0,0,0,0,0
Adrian Houser,MIL,27,7,0,0,0,13.2,13,5,8,7,0,0,0,0,0,0
Aaron Slegers,MIN,27,4,2,0,0,13.2,17,8,6,2,3,1,1,0,0,0
Trevor Oaks,KC,27,4,2,0,0,13.2,21,11,10,6,1,0,2,0,0,0
Jake Newberry,KC,25,14,0,0,0,13.1,13,7,11,9,3,2,0,0,0,1
Derek Law,SF,29,7,0,0,0,13.1,16,11,12,8,2,1,0,0,0,0
Matt Wisler,CIN,27,11,0,0,0,13.1,11,3,11,2,2,0,0,0,1,0
Chih-Wei Hu,TB,26,5,0,0,0,13,7,6,12,3,2,0,0,0,0,0
Taijuan Walker,ARI,27,3,3,0,0,13,15,5,9,5,1,0,0,0,0,0
Adam Liberatore,LAD,33,17,0,0,0,13,10,4,12,8,1,2,1,0,1,1
Drew Anderson,PHI,26,5,1,0,0,12.2,17,7,11,2,0,0,1,0,0,0
Justin Grimm,KC,30,16,0,0,0,12.2,17,19,8,14,2,1,3,0,2,3
Luke Gregerson,STL,36,17,0,0,0,12.2,14,10,12,6,2,0,0,0,0,2
Oliver Drake,MIL,33,11,0,0,0,12.2,14,9,15,8,0,1,0,0,1,0
Justin Hancock,CHC,29,10,0,0,0,12.1,5,2,11,9,1,0,0,0,0,0
Miguel Gonzalez,CWS,36,3,3,0,0,12.1,24,17,5,6,4,0,3,0,0,0
Austin Voth,WAS,27,4,2,0,0,12.1,12,9,11,6,3,1,1,0,0,0
Phil Hughes,MIN,33,7,2,0,0,12,14,9,8,5,4,0,0,0,0,0
Josh Osich,SF,31,12,0,0,0,12,20,11,10,7,2,0,0,0,1,2
Drew Gagnon,NYM,29,5,1,0,0,12,15,7,8,5,2,2,1,0,0,0
Robert Stephenson,CIN,27,4,3,0,0,11.2,17,12,11,12,2,0,2,0,0,0
Luke Bard,LAA,29,8,0,0,0,11.2,10,7,13,5,4,0,0,0,0,0
Blake Wood,LAA,34,13,0,0,0,11.2,8,3,10,7,1,1,0,0,0,4
Nick Goody,CLE,28,12,0,0,0,11.2,15,9,12,5,4,0,2,0,1,2
Josh Rogers,BAL,25,3,3,0,0,11.2,17,11,6,5,2,1,2,0,0,0
Tanner Anderson,PIT,27,6,0,0,0,11.1,15,8,6,8,1,1,0,0,0,0
Cionel Perez,HOU,24,8,0,0,0,11.1,6,5,12,7,3,0,0,0,0,0
Randall Delgado,ARI,30,10,0,0,0,11.1,11,6,5,6,3,2,0,0,1,0
Zac Rosscup,LAD,31,17,0,0,0,11.1,9,6,20,4,3,0,1,0,1,1
James Norwood,CHC,26,11,0,0,0,11,14,5,10,5,0,0,1,0,0,2
David Hale,NYY,32,3,0,0,0,10.2,12,3,6,1,2,0,0,0,0,0
Matt Belisle,CLE,39,8,0,0,0,10.2,9,6,4,1,1,0,0,0,1,0
Boone Logan,MIL,35,16,0,0,0,10.2,15,7,14,10,3,1,0,0,0,0
Wilmer Font,LAD,30,6,0,0,0,10.1,18,13,7,1,5,0,2,0,1,0
A.J. Cole,WAS,28,4,2,0,0,10.1,16,15,10,6,6,1,1,0,0,0
Chris Beck,NYM,29,6,0,0,0,10.1,10,6,5,9,3,0,0,0,0,0
Lucas Sims,ATL,26,6,0,0,0,10.1,12,9,10,8,2,0,0,0,1,0
Jose Fernandez,TOR,27,13,0,0,0,10.1,10,7,6,4,2,0,0,0,0,2
Giovanny Gallegos,NYY,28,4,0,0,0,10,10,5,10,3,2,0,0,1,0,0
John Lamb,LAA,29,3,3,0,0,10,15,8,11,4,4,0,1,0,0,0
Carlos Torres,WAS,37,10,0,0,0,9.2,9,7,9,3,3,0,0,0,0,0
Colten Brewer,SD,27,11,0,0,0,9.2,15,6,10,7,0,1,0,0,0,0
Taylor Guerrieri,TOR,27,9,0,0,0,9.2,9,5,8,4,1,0,0,0,0,0
Austen Williams,WAS,27,10,0,0,0,9.2,10,6,8,6,5,0,1,0,0,0
Ryan Burr,CWS,26,8,0,0,0,9.2,12,8,6,6,3,0,0,0,0,0
Zac Curtis,PHI,27,7,0,0,0,9.2,6,2,10,10,0,0,0,0,0,0
Connor Sadzeck,TEX,28,13,2,0,0,9.1,6,1,7,11,0,0,0,0,0,5
Roberto Gomez,SF,30,5,0,0,0,9.1,20,8,8,1,0,1,0,0,0,0
Keury Mella,CIN,26,4,0,0,0,9.1,13,9,8,8,4,0,0,0,0,0
Kyle Crockett,CIN,28,15,0,0,0,9.1,16,6,11,2,1,1,0,0,0,1
Kevin Quackenbush,CIN,31,10,0,0,0,9,13,11,7,6,3,0,1,0,0,0
Stephen Tarpley,NYY,27,10,0,0,0,9,6,3,13,6,0,0,0,0,0,0
Gregory Infante,CWS,32,10,0,0,0,9,12,8,6,8,0,1,1,0,0,0
Daniel Zamora,NYM,27,16,0,0,0,9,6,3,16,3,1,1,0,0,0,5
Aaron Wilkerson,MIL,31,3,1,0,0,9,12,10,10,3,4,0,1,0,0,0
Yoan Lopez,ARI,27,10,0,0,0,9,7,3,11,1,2,0,0,0,0,1
Jon Edwards,CLE,32,9,0,0,0,8.2,6,3,10,4,2,0,0,0,0,0
Jeff Hoffman,COL,27,6,1,0,0,8.2,15,9,5,7,0,0,0,0,0,1
Cory Mazzoni,CHC,30,8,0,0,0,8.2,5,1,7,5,0,1,0,0,0,1
Oliver Drake,LAA,33,8,0,0,0,8.2,15,5,8,1,2,0,1,0,0,0
Mike Hauschild,TOR,30,2,1,0,0,8.1,7,4,5,4,0,1,1,0,0,0
Brandon Mann,TEX,36,7,0,0,0,8.1,7,5,3,4,1,0,0,0,0,0
Deck McGuire,TOR,30,4,0,0,0,8.1,9,6,7,5,2,0,0,0,0,0
Ryan Madson,LAD,39,9,0,0,0,8.1,10,6,13,1,1,0,0,0,1,0
Justin Shafer,TOR,27,6,0,0,0,8.1,6,3,2,7,1,0,0,0,0,0
Matt Festa,SEA,27,8,1,0,0,8.1,13,2,4,2,0,0,0,0,0,1
Rowan Wick,SD,27,10,0,0,0,8.1,13,6,7,1,1,0,1,0,0,0
Matt Hall,DET,26,5,0,0,0,8,19,13,5,3,1,0,0,0,0,0
Ian Hamilton,CWS,24,10,0,0,0,8,6,4,5,2,2,1,2,0,1,1
Kolby Allard,ATL,22,3,1,0,0,8,19,11,3,4,3,1,1,0,0,0
Xavier Cedeno,MIL,33,15,0,0,0,8,7,1,6,3,0,0,0,0,0,4
Jhan Marinez,BAL,31,8,0,0,0,8,9,5,3,9,1,0,0,0,0,0
Junichi Tazawa,LAA,33,9,0,0,0,8,7,2,4,3,1,0,0,0,0,0
Kevin Shackelford,CIN,31,5,0,0,0,8,13,7,7,4,0,0,1,0,1,0
Preston Guilmet,TOR,32,6,0,0,0,8,11,8,5,4,4,0,0,0,0,0
Danny Farquhar,CWS,33,8,0,0,0,8,6,5,9,0,3,1,1,0,1,2
Tyler Beede,SF,27,2,2,0,0,7.2,9,7,9,8,0,0,1,0,0,0
Edward Paredes,LAD,33,15,0,0,0,7.2,7,5,8,2,2,2,0,0,0,3
Marc Rzepczynski,SEA,34,18,0,0,0,7.2,13,8,10,9,2,0,1,0,1,3
Jaime Garcia,CHC,33,8,1,0,0,7.2,6,4,4,6,0,0,1,0,0,1
Kyle McGowin,WAS,28,5,1,0,0,7.2,6,5,8,5,2,0,0,0,0,0
Justin Haley,BOS,28,4,0,0,0,7.2,10,4,0,3,2,0,0,0,0,0
Chance Adams,NYY,25,3,1,0,0,7.2,8,6,4,4,3,0,1,0,0,0
C.D. Pelham,TEX,25,10,0,0,0,7.2,12,6,7,4,0,0,0,0,0,1
Tyler Kinley,MIA,29,9,0,0,0,7.2,6,6,9,4,0,0,0,0,0,0
P.J. Conlon,NYM,26,3,2,0,0,7.2,15,7,5,2,2,0,0,0,0,0
Chad Bell,DET,31,3,0,0,0,7.1,14,7,7,2,1,0,1,0,0,0
Steven Okert,SF,28,10,0,0,0,7.1,4,1,8,0,1,0,0,0,0,0
Erik Goeddel,SEA,31,5,0,0,0,7.1,4,1,9,5,0,2,0,0,0,0
Evan Marshall,CLE,30,10,0,0,0,7,12,6,9,4,0,0,0,0,1,3
Miguel Almonte,LAA,27,8,0,0,0,7,9,8,7,3,1,0,0,0,0,0
Jake Barrett,ARI,28,7,0,0,0,7,8,4,6,2,1,0,1,0,0,0
Tanner Rainey,CIN,27,8,0,0,0,7,13,19,7,12,4,0,0,0,0,0
Bryse Wilson,ATL,22,3,1,0,0,7,8,5,6,6,0,1,0,0,0,0
Chris O'Grady,MIA,30,8,0,0,0,7,7,5,8,4,2,0,1,0,1,0
Brad Wieck,SD,28,5,0,0,0,7,3,1,10,0,1,0,0,0,0,0
Caleb Frare,CWS,26,11,0,0,0,7,6,4,9,4,0,0,1,0,0,2
Mark Leiter,TOR,29,8,0,0,0,6.2,13,10,9,4,2,0,0,0,0,1
Ricardo Rodriguez,TEX,27,4,0,0,0,6.2,11,3,3,1,0,0,0,0,0,1
David Paulino,TOR,26,7,0,0,0,6.2,6,1,6,2,1,1,0,0,0,0
Zac Curtis,TEX,27,8,0,0,0,6.2,6,7,8,9,1,0,1,0,0,1
Robby Scott,BOS,30,9,0,0,0,6.2,10,6,8,5,2,0,1,0,0,1
Wilmer Font,OAK,30,4,0,0,0,6.2,13,11,9,4,5,0,0,0,0,0
JC Ramirez,LAA,31,2,2,0,0,6.2,7,7,4,7,3,0,2,0,0,0
Ben Lively,KC,28,5,0,0,0,6.2,7,1,5,5,0,0,1,0,0,0
Parker Bridwell,LAA,28,5,1,0,0,6.2,14,13,3,2,5,1,0,0,0,0
Johnny Barbato,DET,27,7,0,0,0,6.2,11,9,2,5,3,0,0,0,0,2
Jose Ramirez,ATL,30,7,0,0,0,6.1,9,12,7,8,0,0,2,0,0,0
Tyler Danish,CWS,25,7,0,0,0,6.1,8,5,5,4,2,1,0,0,0,0
Jalen Beeks,BOS,26,2,1,0,0,6.1,11,9,5,4,1,0,1,0,0,0
John Curtiss,MIN,27,8,0,0,0,6.1,8,4,7,4,0,0,1,0,0,0
Chris Flexen,NYM,25,4,1,0,0,6.1,14,9,3,6,2,0,2,0,0,0
Alex McRae,PIT,27,2,0,0,0,6.1,8,4,5,5,0,0,1,0,0,0
Evan Phillips,ATL,25,4,0,0,0,6.1,6,6,3,4,3,0,0,0,0,0
D.J. Johnson,COL,30,7,0,0,0,6.1,6,3,9,2,0,1,0,0,0,0
Ben Taylor,CLE,27,6,0,0,0,6,6,4,8,1,2,0,0,0,0,0
Carlos Ramirez,OAK,29,3,0,0,0,6,2,2,2,4,0,0,0,0,0,0
Kyle Wright,ATL,24,4,0,0,0,6,4,3,5,6,2,0,0,0,0,0
Cory Gearrin,OAK,34,6,0,0,0,6,10,4,2,2,0,0,0,0,0,0
Ross Detwiler,SEA,34,1,0,0,0,6,8,3,2,2,1,0,1,0,0,0
Josh Smoker,PIT,31,7,0,0,0,5.2,11,7,2,5,2,0,0,0,1,0
Jacob Turner,MIA,29,4,0,0,0,5.2,13,10,2,5,1,0,0,0,0,0
Rob Zastryzny,CHC,28,6,0,0,0,5.2,6,3,3,4,0,1,0,0,0,0
Luis Avilan,PHI,30,12,0,0,0,5.2,4,2,5,4,1,0,0,0,1,0
Ryan Sherriff,STL,30,5,0,0,0,5.2,8,4,3,2,1,0,0,0,0,1
Jesus Reyes,CIN,27,5,0,0,0,5.2,4,2,2,2,1,0,0,0,0,0
Evan Phillips,BAL,25,5,1,0,0,5.1,7,11,5,6,2,0,1,0,0,0
Ryan Weber,TB,29,2,0,0,0,5.1,5,3,1,2,0,0,1,0,0,0
Jerad Eickhoff,PHI,29,3,1,0,0,5.1,10,4,11,0,1,0,1,0,0,0
Dillon Maples,CHC,28,9,0,0,0,5.1,7,7,9,5,2,1,0,0,0,0
Lucas Sims,CIN,26,3,0,0,0,5.1,3,4,6,5,1,0,0,0,0,0
Bobby Wahl,NYM,28,7,0,0,0,5.1,9,6,7,4,2,0,1,0,0,2
Sam Tuivailala,SEA,27,5,0,0,0,5.1,6,1,4,1,0,1,0,0,0,0
George Kontos,CLE,34,6,0,0,0,5.1,3,2,4,2,1,0,0,0,0,0
Rob Scahill,CWS,33,6,0,0,0,5,5,3,3,3,0,0,0,0,0,0
Miguel Socolovich,ATL,33,4,0,0,0,5,8,6,4,2,0,0,1,0,0,0
Braden Shipley,ARI,28,3,0,0,0,5,4,4,3,2,0,0,0,0,0,0
Jose Valdez,SF,30,4,0,0,0,5,8,7,4,1,3,0,0,0,0,0
Ariel Miranda,SEA,31,1,1,0,0,5,6,1,5,4,0,0,0,0,0,0
Wes Parsons,ATL,27,1,0,0,0,5,6,4,3,3,1,0,1,0,0,0
Andrew Vasquez,MIN,26,9,0,0,0,5,5,3,7,2,0,1,0,0,0,0
Nick Gardewine,TEX,26,3,0,0,0,5,7,2,4,0,0,0,0,0,0,0
Tyler Webb,SD,29,4,0,0,0,5,6,7,4,3,2,0,1,0,0,0
Nestor Cortes,BAL,25,4,0,0,0,4.2,10,4,3,4,2,0,0,0,0,0
Hoby Milner,PHI,29,10,0,0,0,4.2,6,4,4,3,1,0,0,0,0,0
Justin Grimm,SEA,30,5,0,0,0,4.2,2,1,3,0,1,0,0,0,0,0
Jeff Beliveau,CLE,33,9,0,0,0,4.2,7,6,2,5,2,0,0,1,0,0
Casey Sadler,PIT,29,2,0,0,0,4.1,9,4,3,3,0,0,0,0,0,0
Oliver Drake,CLE,33,4,0,0,0,4.1,7,6,4,1,0,0,0,0,0,0
Jose Ruiz,CWS,25,6,0,0,0,4.1,5,2,6,3,1,0,0,0,0,0
D.J. Snelten,SF,28,4,0,0,0,4.1,9,5,4,3,2,0,0,0,0,0
Gerson Bautista,NYM,24,5,0,0,0,4.1,8,6,3,5,2,0,1,0,0,0
Kyle McGrath,SD,27,4,0,0,0,4,3,2,4,3,2,0,0,0,0,0
Rob Whalen,SEA,26,1,0,0,0,4,1,0,0,1,0,0,0,0,0,0
Duane Underwood,CHC,25,1,1,0,0,4,2,1,3,3,1,0,1,0,0,0
Aaron Loup,PHI,32,9,0,0,0,4,4,2,2,1,0,0,0,0,0,2
Daniel Corcino,LAD,29,2,0,0,0,4,2,1,1,3,0,0,0,1,0,0
Enny Romero,KC,29,4,0,0,0,4,11,9,3,2,3,0,0,0,0,0
Enny Romero,PIT,29,2,0,0,0,4,7,2,5,3,0,0,0,0,0,0
Julio Urias,LAD,23,3,0,0,0,4,1,0,7,0,0,0,0,0,0,0
Alex Reyes,STL,25,1,1,0,0,4,3,0,2,2,0,0,0,0,0,0
Mike Morin,SEA,29,3,0,0,0,4,6,3,6,1,0,0,0,0,1,0
Sam Howard,COL,27,4,0,0,0,4,5,1,1,3,0,0,0,0,0,0
Kris Medlen,ARI,34,1,1,0,0,4,9,7,4,4,0,0,1,0,0,0
John Axford,LAD,37,5,0,0,0,3.2,8,7,4,2,0,0,0,0,0,0
Dennis Santana,LAD,24,1,0,0,0,3.2,6,5,4,1,0,1,0,0,0,0
Troy Scribner,ARI,28,1,1,0,0,3.2,4,2,4,6,0,0,1,0,0,0
Jerry Vasto,KC,28,5,0,0,0,3.2,3,1,3,1,1,0,1,0,0,1
Tyler Kinley,MIN,29,4,0,0,0,3.1,9,9,4,4,2,0,0,0,0,0
Dean Deetz,HOU,26,4,0,0,0,3.1,4,2,3,1,1,0,0,0,0,0
Murphy Smith,TOR,32,3,0,0,0,3.1,5,3,0,1,0,0,0,0,0,0
John Means,BAL,27,1,0,0,0,3.1,6,5,4,0,1,0,0,0,0,0
Reymin Guduan,HOU,28,3,0,0,0,3.1,1,1,4,0,1,0,0,0,0,0
Zach McAllister,DET,32,3,0,0,0,3.1,10,8,5,0,1,0,0,0,0,0
Rhiner Cruz,TOR,33,2,0,0,0,3.1,3,1,4,2,0,0,0,0,0,0
Buddy Baumann,NYM,32,3,0,0,0,3,7,8,4,5,1,0,1,0,0,0
Alec Asher,MIL,28,2,0,0,0,3,2,0,2,1,0,0,0,0,0,0
Joey Krehbiel,ARI,27,2,0,0,0,3,1,0,0,2,0,0,0,0,0,0
Josh Ravin,ATL,32,2,0,0,0,3,2,2,1,2,0,0,1,0,0,0
David Hale,MIN,32,1,0,0,0,3,4,4,2,4,1,0,0,0,0,0
Allen Webster,CHC,30,3,0,0,0,3,2,2,3,1,1,1,0,0,0,0
Marc Rzepczynski,CLE,34,5,0,0,0,2.2,3,0,1,1,0,0,0,0,0,2
Justus Sheffield,NYY,24,3,0,0,0,2.2,4,3,0,3,1,0,0,0,0,0
Aaron Brooks,OAK,30,3,0,0,0,2.2,1,0,1,2,0,0,0,0,0,0
Hoby Milner,TB,29,4,0,0,0,2.2,3,2,4,2,2,0,0,0,0,1
Luis Ortiz,BAL,24,2,1,0,0,2.1,7,4,0,3,0,0,1,0,0,0
Yovani Gallardo,CIN,34,3,0,0,0,2.1,8,8,2,4,1,0,0,0,0,0
Carlos Ramirez,TOR,29,2,0,0,0,2.1,1,1,3,5,0,0,0,0,0,0
Eric Hanhold,NYM,26,3,0,0,0,2.1,4,2,2,1,0,0,0,0,0,0
Eric Stout,KC,27,3,0,0,0,2.1,7,6,2,2,2,0,0,0,0,0
Jake Jewell,LAA,27,3,0,0,0,2,2,2,1,1,0,0,1,0,0,0
Dean Kiekhefer,OAK,30,4,0,0,0,2,7,4,1,1,1,0,0,0,0,0
Ian Krol,LAA,29,1,0,0,0,2,1,0,2,1,0,0,0,0,0,0
Jen-Ho Tseng,CHC,25,1,1,0,0,2,4,3,3,0,1,0,0,0,0,0
Preston Guilmet,STL,32,2,0,0,0,2,7,5,3,0,2,0,1,0,0,0
Enny Romero,WAS,29,2,0,0,0,2,5,3,2,1,1,0,0,0,0,0
Oliver Drake,TOR,33,2,0,0,0,1.2,4,3,2,0,0,0,0,0,0,0
Brandon Cumpton,TOR,31,1,0,0,0,1.2,3,1,2,2,0,0,0,0,0,0
George Kontos,NYY,34,1,0,0,0,1.2,1,0,2,0,0,0,0,0,0,0
Josh Smoker,DET,31,1,0,0,0,1.2,0,0,2,2,0,0,0,0,0,0
J.J. Hoover,MIL,32,2,0,0,0,1.1,4,3,0,2,1,0,1,0,1,0
Nick Burdi,PIT,27,2,0,0,0,1.1,3,3,2,2,1,0,0,0,0,0
Scott Copeland,NYM,32,1,0,0,0,1.1,1,0,2,0,0,0,0,0,0,0
Giovanny Gallegos,STL,28,2,0,0,0,1.1,1,0,2,0,0,0,0,0,0,0
Austin Adams,WAS,29,2,0,0,0,1,1,0,0,3,0,0,0,0,0,0
Adam McCreery,ATL,27,1,0,0,0,1,4,2,2,0,0,0,0,0,0,0
Chase Whitley,ATL,30,1,0,0,0,1,2,2,1,1,1,0,0,0,0,0
Zach Neal,LAD,31,1,0,0,0,1,2,1,0,0,1,0,0,0,0,0
Jacob Turner,DET,29,1,1,0,0,1,6,5,1,1,1,0,1,0,0,0
Alexi Ogando,CLE,36,1,0,0,0,1,2,2,1,3,0,0,1,0,0,0
Mike Zagurski,MIL,37,2,0,0,0,1,5,7,2,2,0,0,1,0,1,0
Chris Rowley,TOR,29,2,0,0,0,0.2,2,3,0,1,1,0,1,0,0,0
Jerry Vasto,COL,28,1,0,0,0,0.2,3,3,1,1,0,0,0,0,0,0
Osmer Morales,LAA,27,1,0,0,0,0.1,1,0,0,0,0,0,0,0,0,0
James Hoyt,HOU,33,1,0,0,0,0.1,1,0,0,1,0,0,0,0,0,0
Jeremy Bleich,OAK,32,2,0,0,0,0.1,2,2,1,0,0,0,0,0,0,0
Buddy Baumann,SD,32,1,0,0,0,0.1,2,2,0,2,0,0,1,0,0,0